id,authentication_id,latitude,longitude,vendor_category_en,vendor_category_id,delivery_charge,serving_distance,is_open,OpeningTime,OpeningTime2,prepration_time,commission,is_haked_delivering,discount_percentage,status,verified,rank,language,vendor_rating,sunday_from_time1,sunday_to_time1,sunday_from_time2,sunday_to_time2,monday_from_time1,monday_to_time1,monday_from_time2,monday_to_time2,tuesday_from_time1,tuesday_to_time1,tuesday_from_time2,tuesday_to_time2,wednesday_from_time1,wednesday_to_time1,wednesday_from_time2,wednesday_to_time2,thursday_from_time1,thursday_to_time1,thursday_from_time2,thursday_to_time2,friday_from_time1,friday_to_time1,friday_from_time2,friday_to_time2,saturday_from_time1,saturday_to_time1,saturday_from_time2,saturday_to_time2,primary_tags,open_close_flags,vendor_tag,vendor_tag_name,one_click_vendor,country_id,city_id,created_at,updated_at,device_type,display_orders,total_orders_received,avg_rating,avg_order_value,popularity_score
4,118597,-0.588596154,0.754434091,Restaurants,2,0.0,6,1,11:00AM-11:30PM,-,15,0.0,Yes,0,1,1,11,EN,4.4,0:00:00,0:30:00,8:00:00,23:59:00,0:00:00,0:30:00,8:00:00,23:59:00,0:00:00,0:30:00,8:00:00,23:59:00,0:00:00,0:30:00,8:00:00,23:59:00,0:00:00,0:30:00,8:00:00,23:59:00,0:00:00,0:30:00,10:00:00,23:59:00,0:00:00,0:30:00,10:00:00,23:59:00,"{""primary_tags"":""4""}",1,"2,4,5,8,91,22,12,24,16,23","Arabic,Breakfast,Burgers,Desserts,Free Delivery,Grills,Lebanese,Salads,Sandwiches,Shawarma",Y,1,1,1/30/2023 14:42,4/7/2025 15:12,3,1,2137,2.5961628451099674,16.350257370145062,1283.238465138044
13,118608,-0.471653846,0.744470455,Restaurants,2,0.7,5,1,08:30AM-10:30PM,-,14,0.0,Yes,0,1,1,11,EN,4.7,0:00:00,1:30:00,8:00:00,23:59:00,0:00:00,1:30:00,8:00:00,23:59:00,0:00:00,1:30:00,8:00:00,23:59:00,0:00:00,1:30:00,8:00:00,19:30:00,0:00:00,1:30:00,8:00:00,19:30:00,0:00:00,1:30:00,8:00:00,23:59:00,0:00:00,1:30:00,8:00:00,23:59:00,"{""primary_tags"":""7""}",1,"4,41,51,34,27,15,24,16,28","Breakfast,Cakes,Crepes,Italian,Pasta,Pizzas,Salads,Sandwiches,Soups",Y,1,1,5/3/2023 12:32,4/5/2025 20:46,3,1,731,2.694938440492476,17.90218878248974,439.67797537619697
20,118616,-0.407526923,0.643680682,Restaurants,2,0.0,8,1,08:00AM-10:45PM,-,19,0.0,Yes,0,1,1,1,EN,4.5,8:00:00,22:45:00,Unknown,Unknown,8:00:00,22:45:00,Unknown,Unknown,8:00:00,22:45:00,Unknown,Unknown,8:00:00,22:45:00,Unknown,Unknown,8:00:00,22:45:00,Unknown,Unknown,8:00:00,22:45:00,Unknown,Unknown,8:00:00,22:45:00,Unknown,Unknown,"{""primary_tags"":""71""}",1,"4,8,91,10","Breakfast,Desserts,Free Delivery,Indian",Y,1,1,5/4/2023 22:28,4/7/2025 16:35,3,1,1587,2.651543793320731,23.33850031505986,953.2606175173282
23,118619,-0.585384615,0.753811364,Restaurants,2,0.0,5,1,10:59AM-10:30PM,-,16,0.0,Yes,0,1,1,11,EN,4.5,9:00:00,23:30:00,Unknown,Unknown,9:00:00,23:30:00,Unknown,Unknown,9:00:00,23:30:00,Unknown,Unknown,9:00:00,23:30:00,Unknown,Unknown,9:00:00,23:45:00,Unknown,Unknown,9:00:00,23:45:00,Unknown,Unknown,9:00:00,23:45:00,Unknown,Unknown,"{""primary_tags"":""46""}",1,"5,8,30,24","Burgers,Desserts,Fries,Salads",Y,1,1,5/6/2023 19:20,4/2/2025 0:56,3,1,920,2.747826086956522,23.201847826086958,553.0991304347826
28,118624,0.480601923,0.552850455,Restaurants,2,0.7,15,1,11:00AM-11:45PM,-,10,0.0,Yes,0,1,1,11,EN,4.4,0:01:00,0:30:00,11:00:00,23:59:00,0:01:00,0:30:00,11:00:00,23:59:00,0:01:00,0:30:00,11:00:00,23:59:00,0:01:00,0:30:00,11:00:00,23:59:00,0:01:00,0:30:00,11:00:00,23:59:00,0:01:00,1:30:00,17:45:00,23:59:00,0:01:00,1:30:00,17:45:00,23:59:00,"{""primary_tags"":""32""}",1,5,Burgers,Y,1,1,5/17/2023 22:12,4/5/2025 15:57,3,1,1537,2.468445022771633,12.937670787247885,923.1873780091086
33,118629,-0.494653846,0.743318182,Restaurants,2,0.7,6,1,11:00AM-10:30PM,-,17,0.0,Yes,0,1,1,11,EN,4.6,8:00:00,23:59:00,0:00:00,1:00:00,8:00:00,23:59:00,0:00:00,1:00:00,9:00:00,23:59:00,0:00:00,1:00:00,9:00:00,23:59:00,0:00:00,1:00:00,8:00:00,23:59:00,0:00:00,1:00:00,8:00:00,23:59:00,0:00:00,1:00:00,8:30:00,23:59:00,0:00:00,1:00:00,"{""primary_tags"":""51""}",1,"8,42","Desserts,Mexican",Y,1,1,5/24/2023 17:23,4/7/2025 15:04,3,1,1938,2.5722394220846234,21.886738906088752,1163.8288957688337
43,118639,-0.115009615,0.545973409,Restaurants,2,0.7,15,1,11:00AM-11:45PM,-,15,0.0,Yes,0,1,1,11,EN,4.3,0:01:00,0:30:00,11:00:00,23:59:00,0:01:00,0:30:00,11:00:00,23:59:00,0:01:00,0:30:00,11:00:00,23:59:00,0:01:00,0:30:00,11:00:00,23:59:00,0:01:00,0:30:00,11:00:00,23:59:00,0:01:00,1:30:00,17:45:00,23:59:00,0:01:00,1:30:00,17:45:00,23:59:00,"{""primary_tags"":""8""}",1,"1,5,30,16","American,Burgers,Fries,Sandwiches",Y,1,1,6/20/2023 12:28,4/7/2025 16:56,3,1,1083,2.314866112650046,13.005540166204986,650.72594644506
44,118640,-0.936555769,0.081932955,Restaurants,2,0.7,15,1,11:00AM-11:45PM,-,14,0.0,Yes,0,1,1,11,EN,4.3,0:01:00,0:30:00,11:00:00,23:59:00,0:01:00,0:30:00,11:00:00,23:59:00,0:01:00,0:30:00,11:00:00,23:59:00,0:01:00,0:30:00,11:00:00,23:59:00,0:01:00,0:30:00,11:00:00,23:59:00,0:01:00,1:30:00,17:45:00,23:59:00,0:01:00,1:30:00,17:45:00,23:59:00,"{""primary_tags"":""8""}",1,"1,5,30,16","American,Burgers,Fries,Sandwiches",Y,1,1,6/20/2023 13:11,4/7/2025 20:09,3,1,1417,2.341566690190543,11.448906139731829,851.1366266760762
55,118651,-1.170153846,0.103477273,Restaurants,2,0.7,10,1,09:00AM-11:30PM,-,19,0.0,Yes,0,1,1,11,EN,4.5,9:00:00,23:00:00,Unknown,Unknown,9:00:00,23:00:00,Unknown,Unknown,9:00:00,23:00:00,Unknown,Unknown,9:00:00,23:00:00,Unknown,Unknown,9:00:00,23:00:00,Unknown,Unknown,11:59:00,23:59:00,Unknown,Unknown,11:59:00,23:59:00,Unknown,Unknown,"{""primary_tags"":""21""}",1,"4,8,22,32,24,16,28","Breakfast,Desserts,Grills,Milkshakes,Salads,Sandwiches,Soups",Y,1,1,7/22/2023 13:18,4/2/2025 19:49,3,1,751,2.1624500665778963,17.651131824234355,451.4649800266311
66,118662,0.487488462,0.56505,Restaurants,2,0.0,15,1,05:00PM-11:00PM,-,20,0.0,Yes,10,1,1,1,EN,4.0,10:00:00,21:45:00,Unknown,Unknown,10:00:00,21:45:00,Unknown,Unknown,10:00:00,21:45:00,Unknown,Unknown,10:00:00,21:45:00,Unknown,Unknown,10:00:00,21:45:00,Unknown,Unknown,18:00:00,22:45:00,Unknown,Unknown,18:00:00,22:45:00,Unknown,Unknown,"{""primary_tags"":""271""}",1,"4,5,8,10,24","Breakfast,Burgers,Desserts,Indian,Salads",Y,1,1,8/9/2023 19:26,4/2/2025 11:41,3,1,592,2.6638513513513513,19.79256756756757,356.26554054054054
67,118663,-0.181038462,0.490518182,Restaurants,2,0.0,15,1,08:00AM-11:30PM,-,15,0.0,Yes,0,1,1,11,EN,4.3,9:00:00,23:00:00,Unknown,Unknown,9:00:00,23:00:00,Unknown,Unknown,9:00:00,23:00:00,Unknown,Unknown,9:00:00,23:00:00,Unknown,Unknown,9:00:00,23:00:00,Unknown,Unknown,11:59:00,23:59:00,Unknown,Unknown,11:59:00,23:59:00,Unknown,Unknown,"{""primary_tags"":""129""}",1,"4,8,22,32,24,16,28","Breakfast,Desserts,Grills,Milkshakes,Salads,Sandwiches,Soups",Y,1,1,8/9/2023 23:41,4/7/2025 12:25,3,1,608,2.7467105263157894,19.77286184210526,365.8986842105263
75,118672,-0.600423077,0.755909091,Restaurants,2,0.7,5,1,11:00AM-10:30PM,-,15,0.0,Yes,0,1,1,11,EN,4.6,11:00:00,22:30:00,Unknown,Unknown,11:00:00,22:30:00,Unknown,Unknown,11:00:00,22:30:00,Unknown,Unknown,11:00:00,22:30:00,Unknown,Unknown,11:00:00,22:30:00,Unknown,Unknown,11:59:00,22:30:00,Unknown,Unknown,11:00:00,22:30:00,Unknown,Unknown,Unknown,1,"3,8,9,11,24,54","Asian,Desserts,Healthy Food,Japanese,Salads,Sushi",Y,1,1,8/22/2023 15:10,4/2/2025 0:52,3,1,1151,2.6090356211989576,18.105212858384014,691.6436142484796
76,118673,0.256334615,0.576669545,Restaurants,2,0.7,15,1,08:30AM-09:30PM,-,15,0.0,Yes,0,1,1,11,EN,4.6,8:00:00,21:30:00,Unknown,Unknown,8:00:00,21:30:00,Unknown,Unknown,8:00:00,21:30:00,Unknown,Unknown,8:00:00,21:30:00,Unknown,Unknown,8:00:00,21:30:00,Unknown,Unknown,8:00:00,11:30:00,16:00:00,21:30:00,8:00:00,21:30:00,Unknown,Unknown,"{""primary_tags"":""24""}",1,"16,4,5,52","Sandwiches,Breakfast,Burgers,Mojitos",Y,1,1,8/26/2023 14:45,3/24/2025 12:51,3,1,731,2.7496580027359783,12.647606019151846,439.69986320109433
78,118675,-0.555403846,0.196336364,Restaurants,2,0.7,15,0,11:00AM-11:00PM,-,17,0.0,Yes,0,0,1,11,EN,4.4,0:01:00,2:00:00,18:00:00,23:59:00,0:01:00,2:00:00,18:00:00,23:59:00,0:01:00,2:00:00,18:00:00,23:59:00,0:01:00,2:00:00,18:00:00,23:59:00,0:01:00,2:00:00,18:00:00,23:59:00,0:01:00,2:00:00,18:00:00,23:59:00,0:01:00,2:00:00,18:00:00,23:59:00,Unknown,1,"15,34,4,28,27,24,8","Pizzas,Italian,Breakfast,Soups,Pasta,Salads,Desserts",Y,1,1,8/26/2023 21:47,3/31/2025 22:16,3,1,4643,2.5194917079474477,12.936506569028644,2786.807796683179
79,118676,0.634653846,0.527254545,Restaurants,2,0.0,15,1,11:59AM-2:15 am,-,15,0.0,Yes,0,1,1,11,EN,4.7,11:00:00,23:45:00,Unknown,Unknown,11:00:00,23:45:00,Unknown,Unknown,11:00:00,23:45:00,Unknown,Unknown,11:00:00,23:45:00,Unknown,Unknown,11:00:00,23:45:00,Unknown,Unknown,17:00:00,23:45:00,Unknown,Unknown,11:00:00,23:45:00,Unknown,Unknown,"{""primary_tags"":""323""}",1,"5,8,91,27,16","Burgers,Desserts,Free Delivery,Pasta,Sandwiches",Y,1,1,8/26/2023 22:36,4/7/2025 17:46,3,1,5117,2.6634746922024624,12.773715067422318,3071.265389876881
81,118678,-0.711961538,0.063368182,Restaurants,2,0.0,15,1,08:00AM-12:30PM,05:00PM-11:30PM,15,0.0,Yes,0,1,1,11,EN,3.8,0:01:00,0:59:00,8:00:00,23:59:00,0:01:00,0:59:00,8:00:00,23:59:00,0:01:00,0:59:00,8:00:00,23:59:00,0:01:00,0:59:00,8:00:00,23:59:00,0:01:00,0:59:00,8:00:00,23:59:00,0:01:00,0:59:00,8:00:00,23:59:00,0:00:00,0:59:00,8:00:00,23:59:00,Unknown,1,"2,4,8,53,13,24,16","Arabic,Breakfast,Desserts,Mandazi,Omani,Salads,Sandwiches",Y,1,1,9/1/2023 20:31,4/4/2025 13:38,3,1,890,2.4808988764044946,17.518314606741573,534.9923595505618
82,118679,-0.417192308,0.64585,Restaurants,2,0.7,8,1,08:00AM-11:59PM,-,11,0.0,Yes,0,1,1,11,EN,4.4,0:01:00,1:30:00,10:00:00,23:59:00,0:01:00,1:30:00,10:00:00,23:59:00,0:01:00,1:30:00,10:00:00,23:59:00,0:01:00,1:30:00,10:00:00,23:59:00,0:01:00,1:30:00,10:00:00,23:59:00,0:01:00,1:30:00,10:00:00,23:59:00,0:01:00,1:30:00,10:00:00,23:59:00,"{""primary_tags"":""134""}",1,"4,8,12,50,15,24,16","Breakfast,Desserts,Lebanese,Manakeesh,Pizzas,Salads,Sandwiches",Y,1,1,9/3/2023 19:30,4/7/2025 16:38,3,1,806,2.8076923076923075,17.53548387096774,484.7230769230769
83,118680,-0.927944231,0.145899545,Restaurants,2,0.7,15,1,11:00AM-11:00PM,-,15,0.0,Yes,0,1,1,11,EN,4.2,11:00:00,23:45:00,Unknown,Unknown,11:00:00,23:45:00,Unknown,Unknown,11:00:00,23:45:00,Unknown,Unknown,11:00:00,23:45:00,Unknown,Unknown,11:00:00,23:45:00,Unknown,Unknown,11:00:00,23:45:00,Unknown,Unknown,11:00:00,23:45:00,Unknown,Unknown,Unknown,1,"4,8,24,2","Breakfast,Desserts,Salads,Arabic",Y,1,1,9/13/2023 20:40,4/1/2025 22:07,3,1,3684,2.4438110749185666,17.83911509229099,2211.3775244299677
84,118681,-1.004923077,0.078736364,Restaurants,2,0.0,15,1,10:00AM-11:45PM,-,14,0.0,Yes,0,1,1,11,EN,4.3,11:00:00,23:45:00,Unknown,Unknown,11:00:00,23:45:00,Unknown,Unknown,11:00:00,23:45:00,Unknown,Unknown,11:00:00,23:45:00,Unknown,Unknown,11:00:00,23:30:00,Unknown,Unknown,16:00:00,23:00:00,Unknown,Unknown,11:00:00,23:59:00,0:01:00,0:59:00,"{""primary_tags"":""90""}",1,"5,30,48,23","Burgers,Fries,Kids meal,Shawarma",Y,1,1,9/16/2023 19:37,4/7/2025 21:08,3,1,5001,2.6180763847230555,16.64735052989402,3001.647230553889
85,118682,-0.600173077,0.755861364,Sweets & Bakes,3,0.0,5,1,11:59AM-11:30PM,-,15,0.0,Yes,50,1,1,11,EN,4.6,11:59:00,23:45:00,Unknown,Unknown,11:59:00,23:45:00,Unknown,Unknown,11:59:00,23:45:00,Unknown,Unknown,11:59:00,23:45:00,Unknown,Unknown,11:59:00,23:45:00,Unknown,Unknown,14:00:00,23:45:00,Unknown,Unknown,11:59:00,23:45:00,Unknown,Unknown,Unknown,1,"8,13","Desserts,Omani",Y,1,1,9/16/2023 20:01,4/7/2025 10:47,3,1,2054,2.3899707887049657,10.910905550146056,1233.355988315482
86,118683,-0.498134615,0.058017273,Sweets & Bakes,3,0.0,15,1,08:30AM-11:45PM,-,13,0.0,Yes,0,1,1,11,EN,4.5,8:30:00,23:45:00,Unknown,Unknown,8:30:00,23:45:00,Unknown,Unknown,8:30:00,23:45:00,Unknown,Unknown,8:30:00,23:45:00,Unknown,Unknown,8:30:00,23:45:00,Unknown,Unknown,16:00:00,23:45:00,Unknown,Unknown,8:30:00,23:45:00,Unknown,Unknown,"{""primary_tags"":""336""}",1,"41,51,8,57,38,43,32,62,25","Cakes,Crepes,Desserts,Donuts,Fresh Juices,Ice creams,Milkshakes,Pancakes,Waffles",Y,1,1,9/20/2023 19:39,4/7/2025 20:00,3,1,2837,2.458230525202679,9.629925978145929,1703.1832922100812
90,118687,-0.601096154,0.095997727,Restaurants,2,0.0,15,1,11:59AM-11:45PM,-,14,0.0,Yes,0,1,1,1,EN,4.4,0:01:00,0:45:00,11:59:00,23:59:00,0:01:00,0:45:00,11:59:00,23:59:00,0:01:00,0:45:00,11:59:00,23:59:00,0:01:00,0:45:00,11:59:00,23:59:00,0:01:00,0:45:00,11:59:00,23:59:00,0:01:00,0:45:00,12:59:00,23:59:00,0:01:00,0:45:00,11:59:00,23:59:00,"{""primary_tags"":""90""}",1,"1,5,8,52,27","American,Burgers,Desserts,Mojitos ,Pasta",Y,1,1,10/4/2023 19:41,4/5/2025 15:46,3,1,1581,2.633776091081594,14.884566729917774,949.6535104364325
92,118689,-0.492188462,0.744160455,Restaurants,2,0.7,6,1,11:00AM-10:45PM,-,14,0.0,Yes,0,1,1,11,EN,4.6,13:00:00,22:00:00,Unknown,Unknown,13:00:00,22:00:00,Unknown,Unknown,13:00:00,22:00:00,Unknown,Unknown,13:00:00,22:00:00,Unknown,Unknown,13:00:00,23:00:00,Unknown,Unknown,13:00:00,23:00:00,Unknown,Unknown,13:00:00,22:00:00,Unknown,Unknown,"{""primary_tags"":""31""}",1,"3,38,48","Asian,Fresh Juices,Kids meal",Y,1,1,10/7/2023 17:26,4/7/2025 15:05,3,1,1527,2.6149312377210214,34.31074001309758,917.2459724950884
104,118701,-0.032442308,0.655636364,Restaurants,2,0.0,2,1,10:59AM-11:30PM,-,10,0.0,Yes,0,1,1,11,EN,4.5,0:01:00,0:30:00,11:00:00,23:59:00,0:01:00,0:30:00,11:00:00,23:59:00,0:01:00,0:30:00,11:00:00,23:59:00,0:01:00,0:30:00,11:00:00,23:59:00,0:01:00,0:30:00,11:00:00,23:59:00,0:01:00,0:30:00,13:00:00,23:59:00,0:01:00,0:30:00,11:00:00,23:59:00,"{""primary_tags"":""134""}",1,"1,5,91,29,27","American,Burgers,Free Delivery,Hot Dogs,Pasta",Y,1,1,10/18/2023 21:01,4/3/2025 22:28,3,1,1705,2.6592375366568914,17.37824046920821,1024.0636950146627
105,118702,-0.967769231,0.080838636,Restaurants,2,0.0,15,1,10:59AM-11:30PM,-,12,0.0,Yes,0,1,1,11,EN,4.5,0:01:00,0:30:00,11:00:00,23:59:00,0:01:00,0:30:00,11:00:00,23:59:00,0:01:00,0:30:00,11:00:00,23:59:00,0:01:00,0:30:00,11:00:00,23:59:00,0:01:00,0:30:00,11:00:00,23:59:00,0:01:00,0:30:00,13:00:00,23:59:00,0:01:00,0:30:00,11:00:00,23:59:00,"{""primary_tags"":""134""}",1,"1,5,91,29,27","American,Burgers,Free Delivery,Hot Dogs,Pasta",Y,1,1,10/19/2023 12:38,4/7/2025 23:41,3,1,5562,2.285868392664509,13.639626033800791,3338.1143473570655
106,118703,0.618615385,0.527193182,Restaurants,2,0.0,15,1,10:59AM-11:30PM,-,10,0.0,Yes,0,1,1,11,EN,4.5,0:01:00,0:15:00,11:00:00,23:59:00,0:01:00,0:15:00,11:00:00,23:59:00,0:01:00,0:15:00,11:00:00,23:59:00,0:01:00,0:15:00,11:00:00,23:59:00,0:01:00,0:15:00,11:00:00,23:59:00,0:01:00,0:15:00,13:00:00,23:59:00,0:01:00,0:15:00,11:00:00,23:59:00,"{""primary_tags"":""32""}",1,"1,5,91,29,27","American,Burgers,Free Delivery,Hot Dogs,Pasta",Y,1,1,10/19/2023 13:35,4/6/2025 14:01,3,1,2263,2.453822359699514,15.695802032699955,1358.7815289438797
110,118707,0.016792308,0.547940909,Restaurants,2,0.7,15,1,11:15AM-10:00PM,-,18,0.0,Yes,35,1,1,11,EN,4.6,0:00:00,1:30:00,8:00:00,23:59:00,0:00:00,1:30:00,8:00:00,23:59:00,0:00:00,1:30:00,8:00:00,23:59:00,0:00:00,1:30:00,8:00:00,23:59:00,0:00:00,1:30:00,8:00:00,23:59:00,0:00:00,1:30:00,8:00:00,23:59:00,0:00:00,1:30:00,8:00:00,23:59:00,"{""primary_tags"":""46""}",1,"3,58,22,11,33,28","Asian,Dimsum,Grills,Japanese,Rice,Soups",Y,1,1,10/21/2023 22:21,4/7/2025 19:29,3,1,1283,2.5393608729540142,33.64045206547155,770.8157443491816
113,118710,0.630134615,0.527052273,Restaurants,2,0.0,15,1,10:59AM-10:59PM,-,10,0.0,Yes,0,1,1,11,EN,4.7,11:00:00,23:00:00,Unknown,Unknown,11:00:00,23:00:00,Unknown,Unknown,11:00:00,23:00:00,Unknown,Unknown,11:00:00,23:00:00,Unknown,Unknown,11:00:00,23:00:00,Unknown,Unknown,12:59:00,23:00:00,Unknown,Unknown,11:59:00,23:00:00,Unknown,Unknown,"{""primary_tags"":""462""}",1,"2,8,91,10","Arabic,Desserts,Free Delivery,Indian",Y,1,1,10/24/2023 18:11,4/7/2025 23:51,3,1,7807,2.6965543742794926,14.649173818368132,4685.278621749711
115,118712,0.578865385,0.528270455,Sweets & Bakes,2,0.0,15,1,09:59AM-11:45PM,-,13,0.0,Yes,0,1,1,11,EN,4.8,10:00:00,23:45:00,Unknown,Unknown,10:00:00,23:45:00,Unknown,Unknown,10:00:00,23:45:00,Unknown,Unknown,10:00:00,23:45:00,Unknown,Unknown,10:00:00,23:45:00,Unknown,Unknown,15:00:00,23:45:00,Unknown,Unknown,10:00:00,23:45:00,Unknown,Unknown,"{""primary_tags"":""138""}",1,"8,91,9,56","Desserts,Free Delivery,Healthy Food,Sweets",Y,1,1,10/28/2023 13:34,4/6/2025 13:44,3,1,593,2.752107925801012,12.313322091062394,356.9008431703204
134,118731,-0.056273077,0.632288636,Restaurants,2,0.0,15,0,8:00AM-09:45PM,-,16,0.0,Yes,0,0,0,11,EN,4.5,10:00:00,21:45:00,Unknown,Unknown,10:00:00,21:45:00,Unknown,Unknown,10:00:00,21:45:00,Unknown,Unknown,10:00:00,21:45:00,Unknown,Unknown,10:00:00,21:45:00,Unknown,Unknown,10:00:00,21:45:00,Unknown,Unknown,10:00:00,21:45:00,Unknown,Unknown,"{""primary_tags"":""534""}",1,"5,9,32,16,35","Burgers,Healthy Food,Milkshakes,Sandwiches,Steaks",Y,1,1,11/27/2023 15:33,4/3/2025 23:02,3,1,1355,2.7247232472324723,26.81439114391144,814.089889298893
145,118742,-0.605892284,0.07295306,Restaurants,2,0.0,15,0,04:00PM-11:45PM,-,10,0.0,Yes,0,0,0,11,EN,3.2,0:01:00,0:59:00,11:30:00,23:59:00,0:01:00,0:59:00,11:30:00,23:59:00,0:01:00,0:59:00,11:30:00,23:59:00,0:01:00,0:59:00,11:30:00,23:59:00,0:01:00,0:59:00,11:30:00,23:59:00,0:01:00,0:59:00,16:00:00,23:59:00,0:01:00,0:59:00,11:30:00,23:59:00,Unknown,1,"2,15,16","Arabic,Pizzas,Sandwiches",Y,1,1,12/12/2023 15:39,4/5/2025 11:46,3,1,1046,2.3212237093690247,9.754780114722754,628.5284894837476
148,118745,-0.482865385,0.075988636,Restaurants,2,0.7,15,1,08:00AM-11:45PM,-,16,0.0,Yes,15,1,1,11,EN,4.1,0:00:00,0:30:00,12:30:00,23:59:00,0:01:00,0:30:00,12:30:00,23:59:00,0:01:00,0:30:00,12:30:00,23:59:00,0:01:00,0:30:00,12:30:00,23:59:00,0:01:00,0:30:00,12:30:00,23:59:00,0:00:00,0:30:00,12:30:00,23:59:00,0:01:00,0:30:00,12:30:00,23:59:00,"{""primary_tags"":""134""}",1,"4,5,22,89,16,23","Breakfast,Burgers,Grills,Pizza,Sandwiches,Shawarma",Y,1,1,12/30/2023 20:20,4/7/2025 0:36,3,1,1078,2.6716141001855287,13.155380333951763,647.8686456400742
149,118746,-0.027653846,0.527345909,Restaurants,2,0.7,15,0,11:15AM-10:30PM,-,15,0.0,Yes,0,0,0,11,EN,4.2,11:15:00,22:30:00,Unknown,Unknown,11:15:00,22:30:00,Unknown,Unknown,11:15:00,22:30:00,Unknown,Unknown,11:15:00,22:30:00,Unknown,Unknown,11:15:00,22:30:00,Unknown,Unknown,13:00:00,22:30:00,Unknown,Unknown,11:15:00,22:30:00,Unknown,Unknown,Unknown,1,2,Arabic,Y,1,1,1/6/2024 20:42,4/5/2025 21:38,3,1,579,2.2124352331606216,11.067530224525044,348.2849740932642
154,118752,-0.872019231,0.099434091,Restaurants,2,0.7,15,1,11:00AM-11:45PM,-,15,0.0,Yes,0,1,1,11,EN,4.5,0:01:00,0:15:00,11:00:00,23:59:00,0:01:00,0:15:00,11:00:00,23:59:00,0:01:00,0:15:00,11:00:00,23:59:00,0:01:00,0:15:00,11:00:00,23:59:00,0:01:00,0:15:00,11:00:00,23:59:00,0:01:00,0:15:00,12:59:00,23:59:00,11:00:00,23:59:00,0:01:00,0:59:00,Unknown,1,"1,5,47,24,16","American,Burgers,Mishkak,Salads,Sandwiches",Y,1,1,1/17/2024 11:43,4/2/2025 12:02,3,1,994,2.1881287726358147,13.734507042253522,597.2752515090543
157,118755,0.055884615,0.533995455,Restaurants,2,0.7,15,1,10:59AM-3:30PM,06:30PM-11:00PM,15,0.0,Yes,0,1,1,11,EN,4.3,11:00:00,15:30:00,18:30:00,23:00:00,11:00:00,15:30:00,18:30:00,23:00:00,11:00:00,15:30:00,18:30:00,23:00:00,11:00:00,15:30:00,18:30:00,23:00:00,11:00:00,15:30:00,18:30:00,23:00:00,12:59:00,15:30:00,18:30:00,23:00:00,11:00:00,15:30:00,18:30:00,23:00:00,"{""primary_tags"":""297""}",1,"31,8,10,33,67,21","Biryani,Desserts,Indian,Rice,Thali,Vegetarian",Y,1,1,1/19/2024 14:01,4/7/2025 20:03,3,1,1746,2.611111111111111,12.095475372279497,1048.6444444444444
159,118757,-0.599865385,0.756244318,Restaurants,2,0.0,6,1,11.30am-11:30PM,-,13,0.0,Yes,0,1,1,11,EN,4.5,11:45:00,23:45:00,Unknown,Unknown,11:45:00,23:45:00,Unknown,Unknown,11:45:00,23:45:00,Unknown,Unknown,11:45:00,23:45:00,Unknown,Unknown,11:45:00,23:45:00,Unknown,Unknown,13:00:00,23:45:00,Unknown,Unknown,12:05:00,23:45:00,Unknown,Unknown,"{""primary_tags"":""35""}",1,"1,5,16","American,Burgers,Sandwiches",Y,1,1,1/23/2024 15:21,4/7/2025 15:05,3,1,2090,2.6253588516746413,22.489904306220097,1255.0501435406698
160,118758,-0.933980769,0.081364773,Restaurants,2,0.7,15,1,10:00AM-11:45PM,-,14,0.0,Yes,0,1,1,11,EN,4.3,10:00:00,23:45:00,Unknown,Unknown,10:00:00,23:45:00,Unknown,Unknown,10:00:00,23:45:00,Unknown,Unknown,10:00:00,23:45:00,Unknown,Unknown,10:00:00,23:45:00,Unknown,Unknown,12:59:00,23:45:00,Unknown,Unknown,11:59:00,23:45:00,Unknown,Unknown,"{""primary_tags"":""24""}",1,"1,5,48,16","American,Burgers,Kids meal,Sandwiches",Y,1,1,1/28/2024 20:37,4/3/2025 22:36,3,1,892,2.9798206278026904,11.558520179372199,536.391928251121
161,118759,-0.884242425,-0.127519087,Restaurants,2,0.7,10,0,11:00AM-11:59PM,12:00AM-01:00AM,17,0.0,Yes,0,0,0,11,EN,4.2,11:05:00,22:25:00,Unknown,Unknown,11:05:00,22:25:00,Unknown,Unknown,11:05:00,22:25:00,Unknown,Unknown,11:05:00,22:25:00,Unknown,Unknown,11:05:00,22:25:00,Unknown,Unknown,11:05:00,22:25:00,Unknown,Unknown,11:05:00,22:25:00,Unknown,Unknown,Unknown,1,"5,8,63,15","Burgers,Desserts,Pastry,Pizzas",Y,1,1,1/30/2024 18:26,4/5/2025 11:47,3,1,1028,2.590466926070039,12.422665369649806,617.836186770428
176,118774,-0.44010949,0.662568049,Restaurants,2,0.7,8,1,09:00AM-09:01AM,-,21,0.0,Yes,0,1,1,11,EN,4.3,13:00:00,22:00:00,Unknown,Unknown,13:00:00,22:00:00,Unknown,Unknown,13:00:00,22:00:00,Unknown,Unknown,13:00:00,22:00:00,Unknown,Unknown,13:00:00,22:00:00,Unknown,Unknown,13:00:00,22:00:00,Unknown,Unknown,13:00:00,22:00:00,Unknown,Unknown,"{""primary_tags"":""21""}",1,"4,8,22,32,24,16,28","Breakfast,Desserts,Grills,Milkshakes,Salads,Sandwiches,Soups",Y,1,1,2/23/2024 18:55,4/7/2025 20:45,3,1,781,2.7861715749039693,20.70281690140845,469.7144686299616
180,118778,-1.058946154,0.051567955,Restaurants,2,0.7,15,0,11:00AM-11:00PM,-,15,0.0,Yes,0,0,0,11,EN,3.8,11:00:00,23:00:00,Unknown,Unknown,11:00:00,23:00:00,Unknown,Unknown,11:00:00,23:00:00,Unknown,Unknown,11:00:00,23:00:00,Unknown,Unknown,11:00:00,23:45:00,Unknown,Unknown,11:00:00,23:45:00,Unknown,Unknown,11:00:00,23:00:00,Unknown,Unknown,Unknown,1,"2,22,10,27,24,17,28,56","Arabic,Grills,Indian,Pasta,Salads,Seafood,Soups,Sweets",Y,1,1,2/25/2024 15:30,4/5/2025 11:47,3,1,606,2.4933993399339935,20.141914191419144,364.59735973597355
188,118786,-0.405660412,0.644401369,Restaurants,2,0.7,8,1,11:59AM-10:45PM,-,14,0.0,Yes,0,1,1,11,EN,4.6,11:59:00,22:45:00,Unknown,Unknown,11:59:00,22:45:00,Unknown,Unknown,11:59:00,22:45:00,Unknown,Unknown,11:59:00,22:45:00,Unknown,Unknown,11:59:00,23:15:00,Unknown,Unknown,11:59:00,23:15:00,Unknown,Unknown,11:59:00,22:45:00,Unknown,Unknown,"{""primary_tags"":""695""}",1,"34,27,15,24,16","Italian,Pasta,Pizzas,Salads,Sandwiches",Y,1,1,3/3/2024 21:04,4/3/2025 16:56,3,1,902,2.662971175166297,32.15631929046563,542.2651884700665
189,118787,-0.85685612,0.087738003,Restaurants,2,0.7,15,1,7:58AM-11:45PM,-,10,0.0,Yes,0,1,1,11,EN,4.3,0:01:00,1:15:00,8:00:00,23:59:00,0:01:00,1:15:00,8:00:00,23:59:00,0:01:00,1:15:00,8:00:00,23:59:00,0:01:00,1:15:00,8:00:00,23:59:00,0:01:00,1:15:00,8:00:00,23:59:00,0:01:00,1:15:00,16:00:00,23:59:00,0:01:00,1:15:00,8:00:00,23:59:00,"{""primary_tags"":""701""}",1,"16,23,38,52,32","Sandwiches,Shawarma,Fresh Juices,Mojitos,Milkshakes",Y,1,1,3/4/2024 12:31,4/7/2025 13:13,3,1,2088,2.5838122605363987,10.474760536398467,1253.8335249042145
191,118789,-0.060047737,0.652629852,Restaurants,2,0.7,8,1,09:00 AM-11:45 PM,-,11,0.0,Yes,0,1,1,11,EN,4.5,0:01:00,0:45:00,8:00:00,23:59:00,0:01:00,0:45:00,8:00:00,23:59:00,0:01:00,0:45:00,8:00:00,23:59:00,0:01:00,0:45:00,8:00:00,23:59:00,0:01:00,0:45:00,8:00:00,23:59:00,0:01:00,0:45:00,16:00:00,23:59:00,0:01:00,0:45:00,8:00:00,23:59:00,"{""primary_tags"":""701""}",1,"38,32,52,16,23","Fresh Juices,Milkshakes,Mojitos ,Sandwiches,Shawarma",Y,1,1,3/5/2024 20:06,4/6/2025 15:38,3,1,1621,2.6570018507094386,9.573411474398519,973.6628007402837
192,118790,1.703119232,0.759958044,Restaurants,2,0.7,10,1,09:00 AM-11:45 PM,-,11,0.0,Yes,0,1,1,11,EN,4.3,0:01:00,0:45:00,9:15:00,23:59:00,0:01:00,0:45:00,9:15:00,23:59:00,0:01:00,0:45:00,9:15:00,23:59:00,0:01:00,0:45:00,9:15:00,23:59:00,0:01:00,0:45:00,9:15:00,23:59:00,0:01:00,0:45:00,16:00:00,23:59:00,0:01:00,0:45:00,9:15:00,23:59:00,"{""primary_tags"":""701""}",1,"38,32,52,16,23","Fresh Juices,Milkshakes,Mojitos ,Sandwiches,Shawarma",Y,1,1,3/7/2024 15:06,4/2/2025 19:35,3,1,1644,2.656934306569343,22.838564476885644,987.4627737226277
193,118791,-0.825903846,-0.066427273,Restaurants,2,0.7,10,0,11:00AM-11:01PM,-,18,0.0,Yes,0,0,0,11,EN,4.3,13:30:00,23:45:00,Unknown,Unknown,13:30:00,23:45:00,Unknown,Unknown,13:30:00,23:45:00,Unknown,Unknown,13:30:00,23:45:00,Unknown,Unknown,13:30:00,23:45:00,Unknown,Unknown,16:00:00,23:45:00,Unknown,Unknown,13:30:00,23:45:00,Unknown,Unknown,Unknown,1,"2,5,16,23,22,15,8","Arabic,Burgers,Sandwiches,Shawarma,Grills,Pizzas,Desserts",Y,1,1,3/9/2024 19:22,4/2/2025 12:35,3,1,1682,2.4518430439952437,8.84191438763377,1010.180737217598
195,118793,-0.704467308,0.056954773,Restaurants,2,0.7,15,1,05:30PM-11:59PM,00:01AM-02:30AM,15,0.0,Yes,0,1,1,11,EN,4.2,0:01:00,0:59:00,18:00:00,23:59:00,0:01:00,0:59:00,18:00:00,23:59:00,0:01:00,0:59:00,18:00:00,23:59:00,0:01:00,0:59:00,18:00:00,23:59:00,0:01:00,0:59:00,18:00:00,23:59:00,0:01:00,0:59:00,18:00:00,23:59:00,0:01:00,0:59:00,18:00:00,23:59:00,Unknown,1,"5,30,22,47,52,16,56","Burgers,Fries,Grills,Mishkak,Mojitos ,Sandwiches,Sweets",Y,1,1,3/10/2024 13:05,4/3/2025 14:43,3,1,1904,2.5730042016806722,9.835136554621847,1143.4292016806721
196,118794,-1.787413462,0.006934091,Sweets & Bakes,3,0.7,10,0,06:00PM-11:59PM,00:01AM-02:30AM,17,0.0,Yes,0,0,1,11,EN,4.4,0:01:00,0:59:00,15:00:00,23:59:00,0:01:00,0:59:00,15:00:00,23:59:00,0:01:00,0:59:00,15:00:00,23:59:00,0:01:00,0:59:00,15:00:00,23:59:00,0:01:00,0:59:00,15:00:00,23:59:00,0:01:00,0:59:00,15:00:00,23:59:00,0:01:00,0:59:00,15:00:00,23:59:00,Unknown,1,Unknown,restaurant,Y,1,1,3/10/2024 13:08,4/2/2025 12:35,3,1,512,2.57421875,8.7314453125,308.2296875
197,118795,-0.6313,0.1805675,Restaurants,2,0.0,15,1,11:59AM-10:45PM ,-,17,0.0,Yes,0,1,1,1,EN,4.4,11:30:00,23:30:00,Unknown,Unknown,11:30:00,23:30:00,Unknown,Unknown,11:30:00,23:30:00,Unknown,Unknown,11:30:00,23:30:00,Unknown,Unknown,11:30:00,23:30:00,Unknown,Unknown,11:30:00,23:30:00,Unknown,Unknown,11:30:00,23:30:00,Unknown,Unknown,"{""primary_tags"":""270""}",1,"91,42,24","Free Delivery,Mexican,Salads",Y,1,1,3/10/2024 13:54,4/7/2025 22:14,3,1,629,2.58664546899841,18.761526232114466,378.4346581875993
199,118798,2.337753846,0.699575,Sweets & Bakes,3,0.0,15,1,08:30AM-11:45PM,-,15,0.0,Yes,0,1,1,11,EN,4.5,8:30:00,23:45:00,Unknown,Unknown,8:30:00,23:45:00,Unknown,Unknown,8:30:00,23:45:00,Unknown,Unknown,8:30:00,23:45:00,Unknown,Unknown,8:30:00,23:45:00,Unknown,Unknown,16:00:00,23:45:00,Unknown,Unknown,8:30:00,23:45:00,Unknown,Unknown,Unknown,1,"41,51,8,57,38,43,32,52,62,25","Cakes,Crepes,Desserts,Donuts,Fresh Juices,Ice creams,Milkshakes,Mojitos ,Pancakes,Waffles",Y,1,1,3/11/2024 13:58,4/3/2025 15:40,3,1,657,2.730593607305936,10.822983257229833,395.2922374429224
201,118800,0.015623077,0.531628182,Restaurants,2,0.7,15,1,11:00AM-3:50pm,6:10pm-12:00am,12,0.0,Yes,0,1,1,11,EN,4.0,11:00:00,15:45:00,18:30:00,23:45:00,11:00:00,15:45:00,18:30:00,23:45:00,11:00:00,15:45:00,18:30:00,23:45:00,11:00:00,15:45:00,18:30:00,23:45:00,11:00:00,15:45:00,18:30:00,23:45:00,13:00:00,15:45:00,18:30:00,23:45:00,11:00:00,15:45:00,18:30:00,23:45:00,Unknown,1,"31,8,10,28","Biryani,Desserts,Indian,Soups",Y,1,1,3/14/2024 15:43,4/2/2025 18:27,3,1,962,2.5727650727650726,16.317359667359668,578.229106029106
203,118802,0.026205769,0.5525875,Restaurants,2,0.7,15,0,11:00AM-11:01PM,-,16,0.0,Yes,0,0,0,11,EN,4.0,10:00:00,22:30:00,Unknown,Unknown,10:00:00,22:30:00,Unknown,Unknown,10:00:00,22:30:00,Unknown,Unknown,10:00:00,22:30:00,Unknown,Unknown,10:00:00,22:30:00,Unknown,Unknown,10:30:00,23:30:00,Unknown,Unknown,10:30:00,23:15:00,Unknown,Unknown,"{""primary_tags"":""52""}",1,"1,16,29,30","American,Sandwiches,Hot Dogs,Fries",Y,1,1,3/16/2024 19:11,4/5/2025 17:48,3,1,703,2.5803698435277385,11.595874822190611,422.8321479374111
207,118806,-0.936961538,0.080825909,Restaurants,2,0.7,15,1,11:00AM-04:00PM,06:00PM-11:45PM,15,0.0,Yes,0,1,1,11,EN,4.1,0:01:00,0:30:00,11:00:00,23:59:00,0:01:00,0:30:00,11:00:00,23:59:00,0:01:00,0:30:00,11:00:00,23:59:00,0:01:00,0:30:00,11:00:00,23:59:00,0:01:00,0:30:00,11:00:00,23:59:00,0:01:00,0:30:00,12:30:00,23:59:00,0:01:00,0:30:00,11:00:00,23:59:00,Unknown,1,"2,31,7,22,10,33,24,28,19","Arabic,Biryani,Chinese,Grills,Indian,Rice,Salads,Soups,Thai",Y,1,1,3/26/2024 23:11,4/6/2025 14:56,3,1,702,2.700854700854701,12.716951566951566,422.2803418803419
216,118815,-0.587598077,0.754193636,Restaurants,2,0.7,6,1,09:00AM-08:00pm ,-,15,0.0,Yes,0,1,1,11,EN,4.7,8:00:00,23:00:00,Unknown,Unknown,8:00:00,23:00:00,Unknown,Unknown,8:00:00,23:00:00,Unknown,Unknown,8:00:00,23:00:00,Unknown,Unknown,8:00:00,23:00:00,Unknown,Unknown,8:00:00,23:59:00,Unknown,Unknown,8:00:00,23:00:00,Unknown,Unknown,"{""primary_tags"":""815""}",1,"60,73","Coffee,Organic",Y,1,1,4/9/2024 12:50,4/7/2025 15:06,3,1,900,2.6455555555555557,12.376777777777779,541.0582222222222
221,118820,0.025821154,0.551593864,Sweets & Bakes,3,0.7,15,0,09:00AM-11:00PM,-,10,0.0,Yes,0,0,0,11,EN,4.2,9:00:00,23:00:00,Unknown,Unknown,9:00:00,23:00:00,Unknown,Unknown,9:00:00,23:00:00,Unknown,Unknown,9:00:00,23:00:00,Unknown,Unknown,9:00:00,23:00:00,Unknown,Unknown,9:00:00,23:00:00,Unknown,Unknown,9:00:00,23:00:00,Unknown,Unknown,"{""primary_tags"":""849""}",1,"38,9,36","Fresh Juices,Healthy Food,Smoothies",Y,1,1,4/13/2024 19:09,4/3/2025 21:45,3,1,1013,2.5074037512339586,12.633662388943732,608.8029615004936
225,118824,-0.815323319,0.091491291,Restaurants,2,0.0,15,1,06:15AM-11:45PM,-,10,0.0,Yes,0,1,1,11,EN,4.2,8:00:00,19:00:00,Unknown,Unknown,8:00:00,19:00:00,Unknown,Unknown,8:00:00,19:00:00,Unknown,Unknown,8:00:00,19:00:00,Unknown,Unknown,8:00:00,19:00:00,Unknown,Unknown,8:00:00,11:00:00,16:00:00,19:00:00,8:00:00,19:00:00,Unknown,Unknown,"{""primary_tags"":""346""}",1,"4,91,38,30,79,52,45","Breakfast,Free Delivery,Fresh Juices,Fries,Karak,Mojitos ,Rolls",Y,1,1,4/18/2024 17:44,4/7/2025 14:14,3,1,1245,2.6056224899598392,10.103534136546184,748.042248995984
231,118830,205.2423269,44.21080682,Sweets & Bakes,3,0.7,10,1,9am-10pm,10pm-11pm,15,0.0,Yes,0,1,1,11,EN,4.3,Unknown,Unknown,Unknown,Unknown,9:00:00,21:00:00,Unknown,Unknown,Unknown,Unknown,Unknown,Unknown,10:00:00,16:01:00,17:00:00,23:01:00,Unknown,Unknown,Unknown,Unknown,Unknown,Unknown,Unknown,Unknown,Unknown,Unknown,Unknown,Unknown,Unknown,1,Unknown,restaurant,Y,1,1,4/24/2024 20:04,3/20/2025 9:45,1,1,810,2.360493827160494,9.529876543209877,486.9441975308642
237,118838,-0.943419231,0.081702273,Restaurants,2,0.7,15,0,08:30PM-11:59PM,00:01AM-02:30AM,15,0.0,Yes,0,0,0,11,EN,4.6,0:01:00,0:59:00,14:00:00,23:45:00,0:01:00,0:59:00,14:00:00,23:45:00,0:01:00,0:59:00,14:00:00,23:45:00,0:01:00,0:59:00,14:00:00,23:45:00,0:01:00,0:59:00,14:00:00,23:45:00,0:01:00,0:59:00,14:00:00,23:45:00,0:01:00,0:59:00,14:00:00,23:45:00,Unknown,1,"1,5,8,57,30,27,24,16","American,Burgers,Desserts,Donuts,Fries,Pasta,Salads,Sandwiches",Y,1,1,4/30/2024 16:15,4/7/2025 18:45,3,1,889,2.501687289088864,17.048368953880765,534.4006749156355
243,118844,2.215692308,0.714018182,Restaurants,2,0.7,15,0,01.00PM-02:.00AM,01.00PM-02.00AM,11,0.0,Yes,0,0,1,11,EN,4.4,14:00:00,23:45:00,Unknown,Unknown,14:00:00,23:45:00,Unknown,Unknown,14:00:00,23:45:00,Unknown,Unknown,14:00:00,23:45:00,Unknown,Unknown,14:00:00,23:45:00,Unknown,Unknown,14:00:00,23:45:00,Unknown,Unknown,14:00:00,23:45:00,Unknown,Unknown,Unknown,1,Unknown,restaurant,Y,1,1,5/7/2024 14:32,2/28/2025 20:43,3,1,859,2.429569266589057,16.5848661233993,516.3718277066356
250,118851,-0.511584221,0.758307943,Restaurants,2,0.7,5,1,09:00AM-11:45PM,-,15,0.0,Yes,0,1,1,11,EN,4.5,9:00:00,23:45:00,Unknown,Unknown,9:00:00,23:45:00,Unknown,Unknown,9:00:00,23:45:00,Unknown,Unknown,9:00:00,23:45:00,Unknown,Unknown,9:00:00,23:45:00,Unknown,Unknown,9:00:00,23:45:00,Unknown,Unknown,9:00:00,23:45:00,Unknown,Unknown,"{""primary_tags"":""47""}",1,"1,4,45,24,16","American,Breakfast,Rolls,Salads,Sandwiches",Y,1,1,5/12/2024 17:17,4/5/2025 18:12,3,1,503,2.5089463220675943,12.225646123260438,302.8035785288271
259,118860,0.025821154,0.551593864,Restaurants,2,0.0,15,1,05:00PM-11:59PM ,-,15,0.0,Yes,0,1,1,11,EN,4.3,12:00:00,22:00:00,Unknown,Unknown,12:00:00,22:00:00,Unknown,Unknown,12:00:00,22:00:00,Unknown,Unknown,12:00:00,22:00:00,Unknown,Unknown,12:00:00,22:00:00,Unknown,Unknown,12:00:00,22:00:00,Unknown,Unknown,12:00:00,22:00:00,Unknown,Unknown,"{""primary_tags"":""134""}",1,"1,5,48,27,16,36,28,35","American,Burgers,Kids meal,Pasta,Sandwiches,Smoothies,Soups,Steaks",Y,1,1,5/21/2024 16:05,4/7/2025 21:56,3,1,853,2.5990621336459556,22.01570926143025,512.8396248534583
265,118866,-0.861073077,-0.065146591,Sweets & Bakes,3,0.0,10,1,08:00AM-11:45PM,-,15,0.0,Yes,0,1,1,11,EN,4.3,0:01:00,1:30:00,8:00:00,23:59:00,0:01:00,1:30:00,8:00:00,23:59:00,0:01:00,1:30:00,8:00:00,23:59:00,0:01:00,1:30:00,8:00:00,23:59:00,0:01:00,1:30:00,8:00:00,23:59:00,0:01:00,1:30:00,8:00:00,23:59:00,0:01:00,1:30:00,8:00:00,23:59:00,"{""primary_tags"":""28""}",1,"8,91,38,9,43,32,52","Desserts,Free Delivery,Fresh Juices,Healthy Food,Ice creams,Milkshakes,Mojitos ",Y,1,1,5/23/2024 17:44,4/7/2025 1:50,3,1,646,2.7043343653250775,30.028482972136224,388.68173374613
271,118872,-0.334340385,0.726332955,Restaurants,2,0.7,5,1,05:00PM-11:45PM,-,11,0.0,Yes,0,1,1,11,EN,4.5,12:00:00,22:00:00,Unknown,Unknown,12:00:00,22:00:00,Unknown,Unknown,12:00:00,22:00:00,Unknown,Unknown,12:00:00,22:00:00,Unknown,Unknown,12:00:00,22:00:00,Unknown,Unknown,12:00:00,22:00:00,Unknown,Unknown,12:00:00,22:00:00,Unknown,Unknown,"{""primary_tags"":""134""}",1,"1,5,48,27,16,36,28,35","American,Burgers,Kids meal,Pasta,Sandwiches,Smoothies,Soups,Steaks",Y,1,1,5/28/2024 13:36,4/3/2025 22:18,3,1,559,2.7119856887298748,28.675134168157424,336.48479427549194
274,118875,0.30532122,0.559974384,Sweets & Bakes,3,0.7,15,0,11AM-11PM,-,45,0.0,Yes,0,0,0,11,EN,3.7,8:00:00,13:30:00,16:00:00,23:00:00,8:00:00,13:30:00,16:00:00,23:00:00,9:00:00,23:00:00,Unknown,Unknown,9:00:00,13:30:00,Unknown,Unknown,8:00:00,11:00:00,15:00:00,23:00:00,8:00:00,11:00:00,15:00:00,23:00:00,9:00:00,23:00:00,Unknown,Unknown,"{""primary_tags"":""180""}",1,"41,57","Cakes,Donuts",Y,1,1,5/31/2024 14:33,4/6/2025 19:57,3,1,607,2.602965403624382,30.6,365.2411861614497
288,118889,-0.558384615,0.740756818,Restaurants,2,0.0,6,1,11:15AM-03:00PM,05:15PM-09:30PM ,15,0.0,Yes,0,1,1,11,EN,4.6,11:00:00,15:00:00,17:00:00,21:45:00,11:00:00,15:00:00,17:00:00,21:45:00,11:00:00,15:00:00,17:00:00,21:45:00,11:00:00,15:00:00,17:00:00,21:45:00,11:00:00,15:00:00,17:00:00,21:45:00,11:00:00,21:45:00,Unknown,Unknown,11:00:00,21:45:00,Unknown,Unknown,"{""primary_tags"":""204""}",1,"3,8,33,24,28,19","Asian,Desserts,Rice,Salads,Soups,Thai",Y,1,1,6/21/2024 2:54,4/7/2025 15:11,3,1,812,2.8842364532019706,28.71564039408867,488.35369458128076
289,118890,-1.007384615,0.079220455,Restaurants,2,0.7,15,1,11:30AM-11.59 PM,-,15,0.0,Yes,0,1,1,11,EN,4.5,0:01:00,1:30:00,11:00:00,23:59:00,0:01:00,1:30:00,11:00:00,23:59:00,0:01:00,1:30:00,11:00:00,23:59:00,0:01:00,1:30:00,11:00:00,23:59:00,0:01:00,1:30:00,13:00:00,23:59:00,0:01:00,1:30:00,13:00:00,23:59:00,0:01:00,1:30:00,11:00:00,23:59:00,"{""primary_tags"":""8""}",1,"1,5,30,52","American,Burgers,Fries,Mojitos ",Y,1,1,6/24/2024 11:33,4/5/2025 15:50,3,1,750,2.466666666666667,14.673733333333333,450.9866666666667
294,118896,-1.271978846,0.028831818,Restaurants,2,0.0,10,0,09:00AM-11:45PM,-,15,0.0,Yes,0,0,0,11,EN,4.4,11:00:00,23:00:00,Unknown,Unknown,10:59:00,23:00:00,Unknown,Unknown,10:59:00,23:00:00,Unknown,Unknown,11:00:00,23:00:00,Unknown,Unknown,10:59:00,23:30:00,Unknown,Unknown,10:59:00,23:30:00,Unknown,Unknown,10:59:00,23:00:00,Unknown,Unknown,"{""primary_tags"":""260""}",1,"5,8,91,22,42","Burgers,Desserts,Free Delivery,Grills,Mexican",Y,1,1,6/27/2024 12:13,4/5/2025 11:49,3,1,587,2.5298126064735946,16.711413969335606,353.2119250425894
295,118897,-0.491307692,0.744720455,Restaurants,2,0.7,5,1,08:00AM-11:45PM,-,15,0.0,Yes,0,1,1,11,EN,4.7,8:00:00,23:45:00,Unknown,Unknown,8:00:00,23:45:00,Unknown,Unknown,8:00:00,23:45:00,Unknown,Unknown,8:00:00,23:45:00,Unknown,Unknown,8:00:00,23:45:00,Unknown,Unknown,8:00:00,23:45:00,Unknown,Unknown,8:00:00,23:45:00,Unknown,Unknown,"{""primary_tags"":""1088""}",1,"60,38,61,16,36","Coffee,Fresh Juices,Hot Chocolate,Sandwiches,Smoothies",Y,1,1,6/27/2024 12:38,4/3/2025 18:15,3,1,474,2.818565400843882,12.582700421940928,285.52742616033754
298,118900,-0.415192308,0.64355,Restaurants,2,0.0,8,1,10:00AM-11:00PM,-,17,0.0,Yes,0,1,1,11,EN,4.7,10:45:00,20:00:00,Unknown,Unknown,10:45:00,20:00:00,Unknown,Unknown,10:45:00,20:00:00,Unknown,Unknown,10:45:00,20:00:00,Unknown,Unknown,10:45:00,20:00:00,Unknown,Unknown,10:45:00,20:00:00,Unknown,Unknown,10:45:00,20:00:00,Unknown,Unknown,"{""primary_tags"":""478""}",1,"91,38,90,24,16","Free Delivery,Fresh Juices,Pastas,Salads,Sandwiches",Y,1,1,6/28/2024 14:24,4/7/2025 10:12,3,1,729,2.8737997256515775,19.450205761316873,438.5495198902606
299,118901,-0.818809615,0.135123864,Restaurants,2,0.7,15,1,10:00AM-1:45PM,-,15,0.0,Yes,0,1,1,11,EN,4.2,10:00:00,23:45:00,Unknown,Unknown,10:00:00,23:45:00,Unknown,Unknown,10:00:00,23:45:00,Unknown,Unknown,10:00:00,23:45:00,Unknown,Unknown,10:00:00,23:45:00,Unknown,Unknown,16:30:00,23:45:00,Unknown,Unknown,10:00:00,23:45:00,Unknown,Unknown,"{""primary_tags"":""1065""}",1,"83,30,52,27,16","Combos,Fries,Mojitos ,Pasta,Sandwiches",Y,1,1,6/29/2024 13:12,3/27/2025 17:16,3,1,1017,2.470993117010816,12.000884955752213,611.1883972468042
300,118902,-0.807057692,0.091368182,Restaurants,2,0.7,15,1,08:00AM-11:00PM,-,15,0.0,Yes,0,1,1,11,EN,4.4,8:00:00,22:45:00,Unknown,Unknown,8:00:00,22:45:00,Unknown,Unknown,8:00:00,22:45:00,Unknown,Unknown,8:00:00,22:45:00,Unknown,Unknown,8:00:00,22:45:00,Unknown,Unknown,8:00:00,22:45:00,Unknown,Unknown,8:00:00,22:45:00,Unknown,Unknown,"{""primary_tags"":""1088""}",1,"60,38,61,16,36","Coffee,Fresh Juices,Hot Chocolate,Sandwiches,Smoothies",Y,1,1,6/30/2024 14:12,4/3/2025 10:52,3,1,765,2.4679738562091504,13.771372549019608,459.98718954248363
303,118905,0.005748077,0.482280909,Restaurants,2,0.7,15,1,08:00AM-3:30PM,-,15,0.0,Yes,0,1,1,11,EN,4.7,8:00:00,16:00:00,Unknown,Unknown,8:00:00,16:00:00,Unknown,Unknown,8:00:00,16:00:00,Unknown,Unknown,8:00:00,16:00:00,Unknown,Unknown,8:00:00,16:00:00,Unknown,Unknown,Unknown,Unknown,Unknown,Unknown,Unknown,Unknown,Unknown,Unknown,"{""primary_tags"":""1088""}",1,"60,38,61,16,36","Coffee,Fresh Juices,Hot Chocolate,Sandwiches,Smoothies",Y,1,1,7/2/2024 14:50,3/31/2025 13:23,3,1,839,2.5792610250297976,16.95947556615018,504.4317044100119
304,118906,-1.267463462,0.028361364,Restaurants,2,0.7,10,1,10:00AM-11:15PM,-,15,0.0,Yes,0,1,1,11,EN,4.0,10:00:00,23:00:00,Unknown,Unknown,10:00:00,23:00:00,Unknown,Unknown,10:00:00,23:00:00,Unknown,Unknown,10:00:00,23:00:00,Unknown,Unknown,10:00:00,23:15:00,Unknown,Unknown,10:00:00,23:15:00,Unknown,Unknown,10:00:00,23:15:00,Unknown,Unknown,"{""primary_tags"":""32""}",1,"1,4,5,30,16","American,Breakfast,Burgers,Fries,Sandwiches",Y,1,1,7/3/2024 10:38,4/2/2025 12:35,3,1,562,1.3701067615658362,13.223843416370107,337.7480427046263
310,118912,-0.016828846,0.514580227,Restaurants,2,0.7,15,1,09:00AM-07:00PM,-,13,0.0,Yes,0,1,1,11,EN,4.8,9:00:00,16:40:00,Unknown,Unknown,9:00:00,16:40:00,Unknown,Unknown,9:00:00,16:40:00,Unknown,Unknown,9:00:00,16:40:00,Unknown,Unknown,9:00:00,16:40:00,Unknown,Unknown,Unknown,Unknown,Unknown,Unknown,10:00:00,16:40:00,Unknown,Unknown,"{""primary_tags"":""1147""}",1,"26,8,24","Bagels,Desserts,Salads",Y,1,1,7/8/2024 13:19,4/6/2025 17:42,3,1,862,2.8607888631090486,19.276682134570766,518.3443155452436
356,118958,-0.845096154,0.067013182,Restaurants,2,0.0,15,1,11:00AM-111:00PM,-,15,0.0,Yes,0,1,1,11,EN,4.2,11:00:00,23:00:00,Unknown,Unknown,11:00:00,23:00:00,Unknown,Unknown,11:00:00,23:00:00,Unknown,Unknown,11:00:00,23:00:00,Unknown,Unknown,8:00:00,23:00:00,Unknown,Unknown,13:00:00,23:00:00,Unknown,Unknown,11:00:00,23:00:00,Unknown,Unknown,"{""primary_tags"":""46""}",1,"1,48,27,15,24","American,Kids meal,Pasta,Pizzas,Salads",Y,1,1,7/25/2024 13:07,4/7/2025 21:53,3,1,1647,3.1839708561020035,16.828051001821493,989.4735883424407
386,118989,-1.002136538,0.078609318,Sweets & Bakes,3,0.0,15,1,08:30AM-11:45PM,-,15,0.0,Yes,0,1,1,1,EN,4.5,8:00:00,23:45:00,Unknown,Unknown,8:00:00,23:45:00,Unknown,Unknown,8:00:00,23:45:00,Unknown,Unknown,8:00:00,23:45:00,Unknown,Unknown,8:30:00,23:45:00,Unknown,Unknown,16:00:00,23:45:00,Unknown,Unknown,8:00:00,23:45:00,Unknown,Unknown,"{""primary_tags"":""1348""}",1,80,Churros,Y,1,1,8/7/2024 15:36,4/8/2025 3:45,3,1,3280,2.7158536585365853,12.189603658536585,1969.0863414634146
391,118994,-0.624701923,0.72512,Restaurants,2,0.7,5,1,9:00AM-11:00PM,-,10,0.0,Yes,0,1,1,11,EN,4.2,9:00:00,23:45:00,Unknown,Unknown,9:00:00,23:45:00,Unknown,Unknown,9:00:00,23:45:00,Unknown,Unknown,9:00:00,23:45:00,Unknown,Unknown,9:00:00,23:45:00,Unknown,Unknown,14:00:00,23:59:00,Unknown,Unknown,9:00:00,23:45:00,Unknown,Unknown,Unknown,1,"1,4,5,8,34,24,16,28,35","American,Breakfast,Burgers,Desserts,Italian,Salads,Sandwiches,Soups,Steaks",Y,1,1,8/8/2024 14:16,4/2/2025 0:51,3,1,1118,1.5438282647584973,13.313059033989267,671.4175313059034
398,119001,-0.625126923,0.099439091,Restaurants,2,0.7,15,1,11:00AM-11:00PM,-,15,0.0,Yes,0,1,1,11,EN,4.2,11:00:00,23:00:00,Unknown,Unknown,11:00:00,23:00:00,Unknown,Unknown,11:00:00,23:00:00,Unknown,Unknown,11:00:00,23:00:00,Unknown,Unknown,11:00:00,23:00:00,Unknown,Unknown,11:00:00,23:00:00,Unknown,Unknown,11:00:00,23:00:00,Unknown,Unknown,Unknown,1,"13,2,77,27,33,28,12","Omani,Arabic,Shuwa,Pasta,Rice,Soups,Lebanese",Y,1,1,8/19/2024 19:04,4/7/2025 0:08,3,1,612,2.5473856209150325,15.265032679738564,368.218954248366
401,119004,0.001903846,0.547154545,Sweets & Bakes,3,0.7,15,1,10:00AM-11:15PM,-,13,0.0,Yes,0,1,1,11,EN,4.5,10:00:00,23:15:00,Unknown,Unknown,10:00:00,23:15:00,Unknown,Unknown,10:00:00,23:15:00,Unknown,Unknown,10:00:00,23:15:00,Unknown,Unknown,10:00:00,23:45:00,Unknown,Unknown,10:00:00,23:45:00,Unknown,Unknown,10:00:00,23:15:00,Unknown,Unknown,"{""primary_tags"":""1256""}",1,"64,36","Frozen yoghurt,Smoothies",Y,1,1,8/20/2024 15:10,4/6/2025 0:50,3,1,800,2.6775,12.519625000000001,481.071
419,119022,-0.4764,0.03974,Restaurants,2,0.7,15,1,11:00AM-12:00PM,-,15,0.0,Yes,0,1,1,11,EN,4.2,11:00:00,23:45:00,Unknown,Unknown,11:00:00,23:45:00,Unknown,Unknown,11:00:00,23:45:00,Unknown,Unknown,11:00:00,23:45:00,Unknown,Unknown,11:00:00,23:45:00,Unknown,Unknown,13:30:00,23:45:00,Unknown,Unknown,11:00:00,23:45:00,Unknown,Unknown,Unknown,1,"2,71,16","Arabic,Kushari,Sandwiches",Y,1,1,8/27/2024 15:53,4/7/2025 18:40,3,1,827,2.3603385731559854,9.167714631197098,497.1441354292624
459,119063,-0.996063462,-0.062282955,Restaurants,2,0.0,10,1,11:59AM-11:59PM,-,15,0.0,Yes,0,1,1,11,EN,4.2,11:59:00,23:59:00,Unknown,Unknown,11:59:00,23:59:00,Unknown,Unknown,11:59:00,23:59:00,Unknown,Unknown,11:59:00,23:59:00,Unknown,Unknown,11:59:00,23:59:00,Unknown,Unknown,0:01:00,0:45:00,16:30:00,23:59:00,0:01:00,0:45:00,14:30:00,23:59:00,"{""primary_tags"":""8""}",1,"5,91,32,52","Burgers,Free Delivery,Milkshakes,Mojitos ",Y,1,1,9/10/2024 19:04,4/6/2025 15:19,3,1,1305,2.120306513409962,10.684367816091955,783.848122605364
537,119141,-0.523719231,0.052654545,Restaurants,2,0.0,15,1,08:00AM-11:45-,-,20,0.0,Yes,0,1,1,11,EN,4.4,12:20:00,23:45:00,Unknown,Unknown,12:20:00,23:45:00,Unknown,Unknown,12:20:00,23:45:00,Unknown,Unknown,12:20:00,23:45:00,Unknown,Unknown,12:20:00,23:45:00,Unknown,Unknown,0:01:00,0:45:00,13:20:00,23:59:00,12:20:00,23:45:00,Unknown,Unknown,"{""primary_tags"":""8""}",1,"1,5,8,91,30,29,48","American,Burgers,Desserts,Free Delivery,Fries,Hot Dogs,Kids meal",Y,1,1,10/15/2024 0:42,4/7/2025 18:28,3,1,1255,3.394422310756972,14.339521912350596,754.3577689243028
547,119151,0.049019231,0.605368409,Restaurants,2,0.7,10,1,09:00AM-11:59PM,-,10,0.0,Yes,0,1,1,11,EN,4.4,9:00:00,23:59:00,Unknown,Unknown,9:00:00,23:59:00,Unknown,Unknown,9:00:00,23:59:00,Unknown,Unknown,9:00:00,23:59:00,Unknown,Unknown,9:00:00,23:59:00,Unknown,Unknown,15:00:00,23:59:00,Unknown,Unknown,15:00:00,23:59:00,Unknown,Unknown,"{""primary_tags"":""28""}",1,"38,12,16,23","Fresh Juices,Lebanese,Sandwiches,Shawarma",Y,1,1,10/21/2024 15:38,4/7/2025 3:23,3,1,1284,3.325545171339564,14.86214953271028,771.7302180685358
573,119180,2.015615385,0.749220455,Restaurants,2,0.0,15,1,04:59PM-11:45PM,-,10,0.0,Yes,0,1,1,11,EN,4.6,17:00:00,23:45:00,Unknown,Unknown,17:00:00,23:45:00,Unknown,Unknown,17:00:00,23:45:00,Unknown,Unknown,17:00:00,23:45:00,Unknown,Unknown,17:00:00,23:45:00,Unknown,Unknown,17:00:00,23:45:00,Unknown,Unknown,17:00:00,23:45:00,Unknown,Unknown,"{""primary_tags"":""134""}",1,"5,8,91,27,16","Burgers,Desserts,Free Delivery,Pasta,Sandwiches",Y,1,1,1/30/2024 12:53,4/7/2025 23:22,3,1,1503,2.8223552894211577,12.366733200266134,902.9289421157685
575,119182,-0.610692308,0.072090909,Sweets & Bakes,3,0.0,15,1,10:00AM-11:45PM,-,15,0.0,Yes,0,1,1,11,EN,4.1,10:00:00,22:30:00,Unknown,Unknown,10:00:00,22:30:00,Unknown,Unknown,10:00:00,22:30:00,Unknown,Unknown,10:00:00,22:30:00,Unknown,Unknown,10:00:00,22:30:00,Unknown,Unknown,10:00:00,22:30:00,Unknown,Unknown,10:00:00,22:30:00,Unknown,Unknown,Unknown,1,"60,62,86,25","Coffee,Pancakes,Spanish Latte,Waffles",Y,1,1,11/1/2023 12:13,4/4/2025 1:06,3,1,589,2.2071307300509337,8.122920203735143,354.2828522920203
577,119184,-0.7549,0.219710227,Restaurants,2,0.7,8,1,11:00AM-11:00PM,-,5,0.0,Yes,0,1,1,11,EN,4.5,12:00:00,22:00:00,Unknown,Unknown,12:00:00,22:00:00,Unknown,Unknown,12:00:00,22:00:00,Unknown,Unknown,12:00:00,22:00:00,Unknown,Unknown,12:00:00,22:00:00,Unknown,Unknown,12:00:00,22:00:00,Unknown,Unknown,12:00:00,22:00:00,Unknown,Unknown,"{""primary_tags"":""15""}",1,"5,8,49,24","Burgers,Desserts,Family Meal,Salads",Y,1,1,10/2/2023 17:11,4/4/2025 19:29,3,1,753,2.694555112881806,25.822709163346612,452.87782204515275
578,119187,0.553573077,0.531361136,Restaurants,2,0.7,15,0,12:00PM-11:59PM,-,10,0.0,Yes,0,0,0,11,Unknown,4.3,12:00:00,23:59:00,Unknown,Unknown,12:00:00,23:59:00,Unknown,Unknown,12:00:00,23:59:00,Unknown,Unknown,12:00:00,23:59:00,Unknown,Unknown,12:00:00,23:59:00,Unknown,Unknown,12:00:00,23:59:00,Unknown,Unknown,12:00:00,23:59:00,Unknown,Unknown,"{""primary_tags"":""134""}",1,"38,16,23","Fresh Juices,Sandwiches,Shawarma",Y,1,1,10/21/2024 13:10,4/5/2025 12:01,3,1,1468,2.905313351498638,15.306130790190737,881.9621253405994
582,119200,-0.185825,0.482450909,Restaurants,2,0.7,15,1,12:00PM-11:59PM,-,10,0.0,Yes,0,1,1,11,Unknown,4.2,12:00:00,23:59:00,Unknown,Unknown,12:00:00,23:59:00,Unknown,Unknown,12:00:00,23:59:00,Unknown,Unknown,12:00:00,23:59:00,Unknown,Unknown,12:00:00,23:59:00,Unknown,Unknown,15:00:00,23:59:00,Unknown,Unknown,15:00:00,23:59:00,Unknown,Unknown,"{""primary_tags"":""134""}",1,"38,16,23","Fresh Juices,Sandwiches,Shawarma",Y,1,1,10/21/2024 14:36,4/6/2025 23:12,3,1,583,3.1492281303602057,15.245111492281303,351.0596912521441
583,119276,-0.591273077,0.095598636,Restaurants,2,0.7,15,1,00:01AM-01:00AM,09:00AM-11:59PM,10,0.0,Yes,0,1,1,11,Unknown,4.3,12:00:00,23:59:00,Unknown,Unknown,12:00:00,23:59:00,Unknown,Unknown,12:00:00,23:59:00,Unknown,Unknown,12:00:00,23:59:00,Unknown,Unknown,12:00:00,23:59:00,Unknown,Unknown,14:00:00,23:59:00,Unknown,Unknown,14:00:00,23:59:00,Unknown,Unknown,"{""primary_tags"":""134""}",1,"38,16,23","Fresh Juices,Sandwiches,Shawarma",Y,1,1,10/22/2024 7:29,4/7/2025 20:09,3,1,1442,3.219140083217753,13.503328710124826,866.4876560332871
676,124101,-0.116173077,0.570707273,Restaurants,2,0.7,14,1,22-Sep,-,10,0.0,Yes,0,1,1,11,Unknown,4.4,11:45:00,15:45:00,18:30:00,23:00:00,11:45:00,15:45:00,18:30:00,22:30:00,11:45:00,15:45:00,18:30:00,23:00:00,11:45:00,15:45:00,18:30:00,23:00:00,11:45:00,15:45:00,18:30:00,23:00:00,11:45:00,15:45:00,18:30:00,23:00:00,11:45:00,15:45:00,18:30:00,23:00:00,"{""primary_tags"":""2072""}",1,"31,8,10,44,33","Biryani,Desserts,Indian,Kebabs,Rice",Y,1,1,11/17/2024 8:39,4/7/2025 15:31,3,1,617,3.260940032414911,19.048460291734198,371.50437601296596
679,124147,0.614094231,0.527432727,Restaurants,2,0.7,15,1,08:00AM-11:00PM,-,10,0.0,Yes,0,1,1,1,Unknown,4.5,11:00:00,15:30:00,18:30:00,22:30:00,11:00:00,15:30:00,18:30:00,23:00:00,11:00:00,15:30:00,18:30:00,23:00:00,11:00:00,15:30:00,18:30:00,23:00:00,11:00:00,15:30:00,18:30:00,23:00:00,11:45:00,15:30:00,18:30:00,23:00:00,11:00:00,15:30:00,18:30:00,23:00:00,"{""primary_tags"":""2072""}",1,"31,8,10,44,33","Biryani,Desserts,Indian,Kebabs,Rice",Y,1,1,11/17/2024 13:27,4/7/2025 21:46,3,1,1125,3.398222222222222,17.371111111111112,676.3592888888888
681,124250,-0.595325,0.095638864,Restaurants,2,0.7,15,1,22-Sep,-,10,0.0,Yes,0,1,1,11,Unknown,4.4,11:30:00,15:30:00,18:30:00,23:00:00,11:30:00,15:30:00,18:30:00,23:00:00,11:30:00,15:30:00,18:30:00,23:00:00,11:30:00,15:30:00,18:30:00,23:00:00,11:30:00,15:30:00,18:30:00,23:00:00,11:30:00,15:30:00,18:30:00,23:00:00,11:30:00,15:30:00,18:30:00,22:30:00,"{""primary_tags"":""2072""}",1,"31,8,10,44,33","Biryani,Desserts,Indian,Kebabs,Rice",Y,1,1,11/18/2024 8:07,4/7/2025 17:40,3,1,1076,3.3308550185873607,17.03159851301115,646.932342007435
841,130436,-0.496138462,0.740214091,Restaurants,2,0.0,6,1,Unknown,Unknown,10,0.0,Yes,0,1,1,1,Unknown,4.0,0:00:00,1:30:00,8:00:00,23:59:00,0:00:00,1:30:00,8:00:00,23:59:00,0:00:00,1:30:00,8:00:00,23:59:00,0:00:00,1:30:00,8:00:00,23:59:00,0:00:00,1:30:00,8:00:00,23:59:00,0:00:00,1:30:00,8:00:00,23:59:00,0:00:00,1:30:00,8:00:00,23:59:00,"{""primary_tags"":""2396""}",1,"1,4,5,6,8,91,30,43,48,24","American,Breakfast,Burgers,Cafe,Desserts,Free Delivery,Fries,Ice creams,Kids meal,Salads",Y,1,1,12/21/2024 0:16,4/7/2025 15:09,3,1,647,3.2797527047913446,12.304018547140648,389.5119010819165
843,130447,-1.269317308,0.082343182,Restaurants,2,0.0,5,1,Unknown,Unknown,10,0.0,Yes,0,1,1,1,Unknown,4.3,0:00:00,1:30:00,8:15:00,23:59:00,0:00:00,1:30:00,8:15:00,23:59:00,0:00:00,1:30:00,8:15:00,23:59:00,0:00:00,1:30:00,8:15:00,23:59:00,0:00:00,1:30:00,8:15:00,23:59:00,0:00:00,1:30:00,8:15:00,23:59:00,0:00:00,1:30:00,8:15:00,23:59:00,"{""primary_tags"":""2396""}",1,"1,4,5,6,8,91,30,43,48,24","American,Breakfast,Burgers,Cafe,Desserts,Free Delivery,Fries,Ice creams,Kids meal,Salads",Y,1,1,12/21/2024 12:31,4/7/2025 19:01,3,1,622,3.2684887459807075,12.378456591639871,374.50739549839227
845,130450,-0.116903846,0.181583182,Restaurants,2,0.0,5,1,Unknown,Unknown,10,0.0,Yes,0,1,1,1,Unknown,4.0,0:00:00,1:30:00,8:15:00,23:59:00,0:00:00,1:30:00,8:15:00,23:59:00,0:00:00,1:30:00,8:15:00,23:59:00,0:00:00,1:30:00,8:15:00,23:59:00,0:00:00,1:30:00,8:15:00,23:59:00,0:00:00,1:30:00,8:15:00,23:59:00,0:00:00,1:30:00,8:15:00,23:59:00,"{""primary_tags"":""2396""}",1,"1,4,5,6,8,91,30,43,48,24","American,Breakfast,Burgers,Cafe,Desserts,Free Delivery,Fries,Ice creams,Kids meal,Salads",Y,1,1,12/21/2024 12:37,4/8/2025 3:43,3,1,747,3.178045515394913,10.831593038821953,449.47121820615797
846,130451,-0.441823077,0.099479318,Restaurants,2,0.0,6,1,Unknown,Unknown,10,0.0,Yes,0,1,1,11,Unknown,4.1,0:00:00,1:30:00,8:15:00,23:59:00,0:00:00,1:30:00,8:15:00,23:59:00,0:00:00,1:30:00,8:15:00,23:59:00,0:00:00,1:30:00,8:15:00,23:59:00,0:00:00,1:30:00,8:15:00,23:59:00,0:00:00,1:30:00,8:15:00,23:59:00,0:00:00,1:30:00,8:15:00,23:59:00,"{""primary_tags"":""2396""}",1,"1,4,5,6,8,91,30,43,48,24","American,Breakfast,Burgers,Cafe,Desserts,Free Delivery,Fries,Ice creams,Kids meal,Salads",Y,1,1,12/21/2024 12:40,4/6/2025 16:19,3,1,2559,3.2082844861273934,11.921414615084018,1536.683313794451
849,130455,-1.588059615,-0.066441136,Restaurants,2,0.0,10,1,Unknown,Unknown,10,0.0,Yes,0,1,1,1,Unknown,4.1,0:00:00,1:30:00,8:15:00,23:59:00,0:00:00,1:30:00,8:15:00,23:59:00,0:00:00,1:30:00,8:15:00,23:59:00,0:00:00,1:30:00,8:15:00,23:59:00,0:00:00,1:30:00,8:15:00,23:59:00,0:00:00,1:30:00,8:15:00,23:59:00,0:00:00,1:30:00,8:15:00,23:59:00,"{""primary_tags"":""2396""}",1,"1,4,5,6,8,91,30,43,48,24","American,Breakfast,Burgers,Cafe,Desserts,Free Delivery,Fries,Ice creams,Kids meal,Salads",Y,1,1,12/21/2024 12:47,4/7/2025 20:01,3,1,1067,3.304592314901593,11.483036551077788,641.5218369259605
855,130463,2.145205769,0.745025455,Restaurants,2,0.0,8,1,Unknown,Unknown,10,0.0,Yes,0,1,1,1,Unknown,4.2,0:00:00,1:30:00,11:00:00,23:59:00,0:00:00,1:30:00,11:00:00,23:59:00,0:00:00,1:30:00,11:00:00,23:59:00,0:00:00,1:30:00,11:00:00,23:59:00,0:00:00,1:30:00,11:00:00,23:59:00,0:00:00,1:30:00,11:00:00,23:59:00,0:00:00,1:30:00,11:00:00,23:59:00,"{""primary_tags"":""2396""}",1,"1,5,8,91,30,48,24","American,Burgers,Desserts,Free Delivery,Fries,Kids meal,Salads",Y,1,1,12/21/2024 13:02,4/7/2025 1:50,3,1,831,3.3116726835138386,12.058965102286402,499.9246690734055
856,130464,0.251469231,0.4836325,Restaurants,2,0.0,7,1,Unknown,Unknown,10,0.0,Yes,0,1,1,11,Unknown,4.3,0:00:00,1:30:00,8:15:00,23:59:00,0:00:00,1:30:00,8:15:00,23:59:00,0:00:00,1:30:00,8:15:00,23:59:00,0:00:00,1:30:00,8:15:00,23:59:00,0:00:00,1:30:00,8:15:00,23:59:00,0:00:00,1:30:00,8:15:00,23:59:00,0:00:00,1:30:00,8:15:00,23:59:00,"{""primary_tags"":""2396""}",1,"1,4,5,6,8,91,30,43,48,24","American,Breakfast,Burgers,Cafe,Desserts,Free Delivery,Fries,Ice creams,Kids meal,Salads",Y,1,1,12/21/2024 13:04,4/6/2025 23:53,3,1,1054,3.284629981024668,12.232637571157495,633.7138519924099
858,130468,0.019817308,0.5870875,Restaurants,2,0.0,3,1,Unknown,Unknown,10,0.0,Yes,0,1,1,11,Unknown,4.2,0:00:00,1:30:00,8:15:00,23:59:00,0:00:00,1:30:00,8:15:00,23:59:00,0:00:00,1:30:00,8:15:00,23:59:00,0:00:00,1:30:00,8:15:00,23:59:00,0:00:00,1:30:00,8:15:00,23:59:00,0:00:00,1:30:00,8:15:00,23:59:00,0:00:00,1:30:00,8:15:00,23:59:00,"{""primary_tags"":""2396""}",1,"1,4,5,6,8,91,30,43,48,24","American,Breakfast,Burgers,Cafe,Desserts,Free Delivery,Fries,Ice creams,Kids meal,Salads",Y,1,1,12/21/2024 13:12,4/7/2025 14:26,3,1,860,3.2709302325581397,11.28546511627907,517.3083720930233
907,132953,13.33513077,-1.449556364,Restaurants,2,0.7,12,1,Unknown,Unknown,20,0.0,Yes,0,1,1,11,Unknown,4.3,11:00:00,12:30:00,16:30:00,23:15:00,11:00:00,12:30:00,16:30:00,23:15:00,11:00:00,12:30:00,16:30:00,23:15:00,11:00:00,12:30:00,16:30:00,23:15:00,11:00:00,12:30:00,16:30:00,23:15:00,Unknown,Unknown,16:30:00,23:15:00,11:00:00,12:30:00,16:30:00,23:15:00,"{""primary_tags"":""24""}",1,"46,52,16","Fatayers,Mojitos ,Sandwiches",Y,1,1,1/5/2025 18:56,4/6/2025 23:49,3,1,614,3.3355048859934855,5.925081433224756,369.73420195439735
